{
  "current-scene": "2670d0e1-d3ab-41d9-8568-1edb6e06d165",
  "gizmos-infos": {
    "iconGizmoSize": 2,
    "isGridVisible": true,
    "isIconGizmo3D": false
  },
  "camera-infos": {
    "2670d0e1-d3ab-41d9-8568-1edb6e06d165": {
      "position": {
        "x": 4.070596494768163,
        "y": -0.9810091780879027,
        "z": 0.6011665112776834
      },
      "rotation": {
        "w": 0.9909653035024322,
        "x": -0.09696925938185641,
        "y": 0.09221338553335014,
        "z": 0.009023387265587143
      },
      "viewCenter": {
        "x": 2.613,
        "y": -2.542,
        "z": -7.163
      }
    },
    "6e0efea3-85be-47bf-b5c4-b52371bf2329": {
      "position": {
        "x": 50,
        "y": 50,
        "z": 50
      },
      "rotation": {
        "w": 0.8804762392171493,
        "x": -0.27984814233312133,
        "y": 0.3647051996310009,
        "z": 0.11591689595929514
      },
      "viewCenter": {
        "x": 0,
        "y": 0,
        "z": 0
      }
    },
    "f46876e4-e81b-4931-b493-6d367be385e7": {
      "position": {
        "x": 50,
        "y": 50,
        "z": 50
      },
      "rotation": {
        "w": 0.8804762392171493,
        "x": -0.27984814233312133,
        "y": 0.3647051996310009,
        "z": 0.11591689595929514
      },
      "viewCenter": {
        "x": 0,
        "y": 0,
        "z": 0
      }
    }
  },
  "camera-uuids": [
    "2670d0e1-d3ab-41d9-8568-1edb6e06d165"
  ]
}
